,School Name,School Type,# Student Enrollment,% Student Enrollment - White,% Student Enrollment - Black or African American,% Student Enrollment - Hispanic or Latino,% Student Enrollment - Asian,% Student Enrollment - Native Hawaiian or Other Pacific Islander,% Student Enrollment - American Indian or Alaska Native,% Student Enrollment - Two or More Races,% Student Enrollment - Children with Disabilities,% Student Enrollment - EL,% Student Enrollment - Low Income,% Student Enrollment - Homeless,Total Number of School Days,Student Attendance Rate,Chronically Truant Students,Student Chronic Truancy Rate,High School Dropout Rate - Total,High School 4-Year Graduation Rate - Total,High School 5-Year Graduation Rate - Total,Avg Class Size - High School,Teacher Retention Rate,# 9th Grade on Track,% Graduates enrolled in a Postsecondary Institution within 12 months,# Graduates enrolled in Community College,Chronic Absenteeism,Five Essential Survey Effective Leaders,Five Essential Survey Leaders Level,Five Essential Survey Collaborative Teachers,Five Essential Survey Collaborative Teachers Level,Five Essential Survey Involved Families,Five Essential Survey Involved Families Level,Five Essential Survey Supportive Environment,Five Essential Survey Supportive Environment Level,Five Essential Survey Ambitious Instruction,Five Essential Survey Ambitious Instruction.1,Five Essential Survey Student Response Rate,Five Essential Survey Teacher Response Rate,# CRDC Total Enrollment,% CRDC In-School Suspensions,% CRDC Out-of-School Suspensions,% CRDC Expulsions,% CRDC School Related Arrests,% CRDC Referral to Law Enforcement,% CRDC Chronic Absenteeism,% CRDC Incidents of Violence,% CRDC Enrolled PreK,% CRDC Advanced Placement Coursework,District,Grades Served
1128,Amundsen High School,HIGH SCHOOL,1289,16.1,11.2,58.7,11.4,0.5,0.3,1.7,21.5,10.1,75.3,0.9,178.0,91.3,475.0,40.6,3.4,85.8,84.6,27.4,92.5,317.0,70.1,80.0,32.4,63.0,4.0,79.0,4.0,88.0,5.0,68.0,4.0,80.0,5.0,90.1,82.3,1142.0,8.6,5.0,0.0,1.0,4.4,43.1,0.7,0.0,4.8,City of Chicago SD 299, 9 10 11 12
1129,Bogan High School,HIGH SCHOOL,828,0.5,60.7,38.4,,0.1,0.1,0.1,25.4,12.3,90.0,3.9,178.0,83.1,945.0,94.7,13.9,56.2,60.1,30.1,80.0,172.0,56.2,66.0,78.9,43.0,3.0,52.0,3.0,54.0,3.0,44.0,3.0,61.0,4.0,92.6,88.3,861.0,26.8,8.7,0.2,0.5,0.2,53.4,1.6,0.0,24.5,City of Chicago SD 299, 9 10 11 12
1130,Carver Military Academy HS,HIGH SCHOOL,481,1.2,35.6,63.0,,,,0.2,10.6,5.4,85.0,3.5,178.0,93.3,202.0,46.2,1.3,94.0,97.4,26.1,89.5,90.0,64.8,23.0,23.3,65.0,4.0,69.0,4.0,70.0,4.0,47.0,3.0,59.0,3.0,79.6,93.8,491.0,5.1,5.3,0.0,2.0,2.6,32.6,0.8,0.0,13.8,City of Chicago SD 299, 9 10 11 12
1131,Farragut Career Academy HS,HIGH SCHOOL,651,0.8,12.9,86.2,,,0.2,,24.9,28.4,97.4,1.7,178.0,85.4,422.0,62.1,12.9,57.0,57.2,26.8,82.9,105.0,46.3,42.0,62.9,55.0,3.0,66.0,4.0,53.0,3.0,60.0,4.0,69.0,4.0,82.7,85.1,914.0,0.4,11.4,0.0,0.2,2.0,58.1,1.6,3.6,1.4,City of Chicago SD 299,PK 9 10 11 12
1132,Fenger Academy High School,HIGH SCHOOL,203,,96.6,2.0,,0.5,,1.0,21.2,0.5,92.6,53.2,178.0,83.2,240.0,83.7,21.6,35.2,44.7,30.2,83.3,39.0,33.3,8.0,79.1,78.0,4.0,84.0,5.0,63.0,4.0,75.0,4.0,99.0,5.0,93.5,99.9,275.0,44.7,25.8,0.0,1.5,2.9,85.1,6.9,0.0,6.9,City of Chicago SD 299, 9 10 11 12
1133,Foreman High School,HIGH SCHOOL,739,2.3,21.5,75.1,0.5,,0.4,0.1,22.1,32.6,94.5,1.6,178.0,84.6,614.0,79.2,12.4,59.3,62.2,28.6,75.5,123.0,46.9,75.0,75.8,19.0,1.0,30.0,2.0,30.0,2.0,40.0,3.0,49.0,3.0,56.2,58.5,1058.0,18.5,12.3,0.4,1.0,3.5,44.3,1.3,0.0,17.3,City of Chicago SD 299, 9 10 11 12
1134,Back of The Yards IB HS,HIGH SCHOOL,1067,1.3,3.2,91.0,3.9,0.1,0.5,,10.0,11.6,92.9,0.6,178.0,93.3,340.0,35.0,0.8,97.5,98.8,25.4,89.0,262.0,68.8,67.0,24.1,47.0,3.0,59.0,3.0,69.0,4.0,76.0,4.0,91.0,5.0,75.7,77.5,791.0,0.5,4.2,0.0,0.3,0.3,12.9,1.0,0.0,0.0,City of Chicago SD 299, 9 10 11 12
1135,Gage Park High School,HIGH SCHOOL,342,0.6,37.7,61.1,,0.3,0.3,,26.3,28.4,97.1,22.5,178.0,81.4,581.0,100.0,20.1,39.5,47.5,26.1,75.6,74.0,35.4,27.0,89.3,33.0,2.0,40.0,3.0,35.0,2.0,38.0,2.0,47.0,3.0,83.3,80.0,412.0,22.1,7.5,0.0,1.5,1.9,36.7,1.5,0.0,11.9,City of Chicago SD 299, 9 10 11 12
1136,Harlan Community Academy HS,HIGH SCHOOL,328,0.3,97.6,1.8,,,,0.3,24.7,,94.8,17.1,178.0,82.8,368.0,83.3,15.2,51.9,56.3,26.6,71.8,73.0,48.6,32.0,87.6,39.0,2.0,48.0,3.0,50.0,3.0,73.0,4.0,82.0,5.0,55.0,64.3,622.0,38.9,27.5,0.3,3.2,6.4,78.8,7.2,0.0,14.5,City of Chicago SD 299, 9 10 11 12
1138,Hirsch Metropolitan High School,HIGH SCHOOL,98,,95.9,1.0,,,2.0,1.0,42.9,2.0,99.0,15.3,178.0,77.0,295.0,100.0,27.2,38.2,39.3,25.2,73.1,17.0,39.7,12.0,100.0,52.0,3.0,63.0,4.0,46.0,3.0,38.0,2.0,36.0,2.0,86.5,93.8,152.0,36.2,34.2,0.0,3.9,5.9,100.0,5.3,0.0,2.6,City of Chicago SD 299, 9 10 11 12
1139,Hubbard High School,HIGH SCHOOL,1691,1.9,6.5,90.8,0.2,,0.4,0.2,16.4,18.9,95.5,2.1,178.0,89.2,885.0,53.2,8.1,77.9,81.3,29.3,93.4,315.0,65.1,132.0,45.3,61.0,4.0,72.0,4.0,64.0,4.0,52.0,3.0,65.0,4.0,92.9,64.3,1722.0,11.9,5.3,0.0,0.5,3.4,46.9,0.9,0.0,17.7,City of Chicago SD 299, 9 10 11 12
1140,Hyde Park Academy High School,HIGH SCHOOL,776,,98.6,1.0,,,0.1,0.3,20.7,1.2,96.8,3.9,178.0,85.9,652.0,88.7,8.3,72.3,74.8,25.9,88.5,139.0,54.2,46.0,66.2,60.0,4.0,62.0,4.0,48.0,3.0,52.0,3.0,72.0,4.0,53.5,70.3,816.0,66.4,32.0,0.0,2.0,1.7,67.3,4.3,0.0,15.7,City of Chicago SD 299, 9 10 11 12
1141,Thomas Kelly College Preparatory,HIGH SCHOOL,1895,1.8,4.1,79.6,13.7,0.1,0.2,0.5,19.9,29.6,94.1,1.6,178.0,88.0,1027.0,55.9,11.7,67.0,64.2,29.1,88.8,343.0,59.0,152.0,50.8,47.0,3.0,50.0,3.0,58.0,3.0,47.0,3.0,60.0,4.0,59.3,73.1,2264.0,4.5,2.1,0.0,0.7,2.0,43.3,0.4,0.0,9.3,City of Chicago SD 299, 9 10 11 12
1142,Kelvyn Park High School,HIGH SCHOOL,405,2.5,5.7,91.1,,0.2,0.2,0.2,23.7,33.3,97.0,4.0,178.0,84.2,335.0,74.4,13.8,55.2,50.0,22.3,71.6,59.0,44.4,18.0,61.1,38.0,2.0,56.0,3.0,38.0,2.0,46.0,3.0,55.0,3.0,72.5,53.9,709.0,23.1,19.5,0.3,0.6,2.1,70.7,4.8,0.0,14.7,City of Chicago SD 299, 7 8 9 10 11 12
1143,Kennedy High School,HIGH SCHOOL,1588,20.0,3.1,74.5,0.7,0.1,0.9,0.6,21.4,9.8,66.2,0.3,178.0,89.5,695.0,46.7,7.8,76.1,75.2,28.1,92.5,288.0,72.4,132.0,43.3,35.0,2.0,49.0,3.0,63.0,4.0,51.0,3.0,69.0,4.0,88.2,70.9,1628.0,0.2,10.1,0.0,0.8,3.0,49.8,2.4,0.0,15.8,City of Chicago SD 299, 9 10 11 12
1144,Kenwood Academy High School,HIGH SCHOOL,1860,5.1,84.4,4.7,2.8,0.2,0.3,2.6,13.0,1.4,57.1,1.5,178.0,93.5,535.0,31.2,2.3,93.4,90.4,28.9,91.7,393.0,82.9,72.0,22.0,59.0,3.0,68.0,4.0,87.0,5.0,72.0,4.0,95.0,5.0,82.8,81.3,1754.0,19.3,14.0,0.0,0.0,0.0,32.7,1.2,0.0,20.6,City of Chicago SD 299, 7 8 9 10 11 12
1145,Lake View High School,HIGH SCHOOL,1383,13.0,10.3,70.4,3.1,0.2,0.7,2.3,24.6,10.0,72.3,1.7,178.0,86.7,737.0,58.5,4.5,84.0,84.7,27.1,92.7,238.0,67.4,80.0,48.1,45.0,3.0,58.0,3.0,59.0,3.0,50.0,3.0,65.0,4.0,80.8,79.3,1295.0,11.2,22.9,0.2,1.2,3.5,60.9,6.2,0.0,24.0,City of Chicago SD 299, 9 10 11 12
1146,Lane Technical High School,HIGH SCHOOL,4517,36.9,7.9,40.4,10.6,0.4,0.4,3.4,15.4,1.0,43.6,0.2,178.0,94.5,542.0,13.3,0.9,96.3,95.9,29.4,93.6,1057.0,90.6,144.0,15.1,42.0,3.0,48.0,3.0,65.0,4.0,72.0,4.0,83.0,5.0,83.3,54.8,4057.0,0.0,1.5,0.0,0.3,1.2,24.9,0.1,0.0,68.1,City of Chicago SD 299, 7 8 9 10 11 12
1147,Marshall Metropolitan High School,HIGH SCHOOL,251,,98.8,1.2,,,,,29.1,0.4,96.8,17.9,178.0,76.3,440.0,100.0,17.0,45.5,47.3,24.8,80.6,59.0,49.5,26.0,100.0,58.0,3.0,80.0,5.0,87.0,5.0,76.0,4.0,93.0,5.0,68.1,62.1,423.0,39.2,31.9,0.5,0.5,1.4,56.3,8.5,0.0,10.6,City of Chicago SD 299, 9 10 11 12
1148,Mather High School,HIGH SCHOOL,1486,16.8,13.5,38.5,28.7,0.5,0.7,1.4,18.6,26.3,86.5,0.9,178.0,89.4,776.0,54.1,6.4,71.8,74.1,24.9,91.8,352.0,68.2,113.0,43.0,39.0,2.0,60.0,4.0,49.0,3.0,54.0,3.0,64.0,4.0,86.5,84.0,1580.0,3.5,6.1,0.0,1.1,1.5,54.6,1.0,0.0,19.7,City of Chicago SD 299, 9 10 11 12
1149,Morgan Park High School,HIGH SCHOOL,1225,0.2,97.4,1.4,,,,1.0,14.7,0.3,86.1,3.4,178.0,86.7,829.0,70.4,6.7,76.1,68.8,27.7,88.2,197.0,68.2,42.0,54.7,41.0,3.0,52.0,3.0,58.0,3.0,40.0,3.0,69.0,4.0,75.0,66.7,1436.0,6.4,15.0,0.1,2.0,6.5,58.3,2.4,0.0,20.6,City of Chicago SD 299, 7 8 9 10 11 12
1150,Phillips Academy High School,HIGH SCHOOL,738,0.1,98.2,1.5,,0.1,,,18.6,0.8,94.4,1.9,178.0,80.6,982.0,100.0,14.2,53.7,56.9,31.3,85.1,142.0,55.9,21.0,96.1,55.0,3.0,59.0,3.0,50.0,3.0,55.0,3.0,87.0,5.0,63.6,75.5,671.0,41.4,39.2,0.3,0.7,1.3,76.2,10.3,0.0,8.6,City of Chicago SD 299, 9 10 11 12
1151,Roosevelt High School,HIGH SCHOOL,954,5.8,12.8,70.4,8.2,1.3,1.0,0.5,24.3,34.1,94.1,1.3,178.0,89.2,523.0,55.1,9.4,69.9,71.9,28.3,89.4,163.0,60.1,106.0,48.8,56.0,3.0,71.0,4.0,57.0,3.0,52.0,3.0,63.0,4.0,80.9,88.1,1177.0,32.6,12.1,0.0,1.0,4.7,66.7,4.8,0.0,8.2,City of Chicago SD 299, 8 9 10 11 12
1152,Schurz High School,HIGH SCHOOL,1607,5.4,9.9,81.8,1.4,0.3,0.4,0.8,25.0,22.8,88.6,3.6,178.0,86.3,941.0,60.6,8.1,63.9,72.5,27.3,85.6,291.0,55.0,157.0,57.6,40.0,3.0,52.0,3.0,65.0,4.0,47.0,3.0,58.0,3.0,79.0,69.2,1997.0,2.7,6.0,0.1,1.5,5.8,71.0,1.0,0.0,15.8,City of Chicago SD 299, 9 10 11 12
1153,Senn High School,HIGH SCHOOL,1414,10.8,25.4,42.0,18.1,0.8,0.5,2.4,21.3,18.3,79.6,0.6,178.0,90.6,623.0,44.8,5.8,67.7,78.6,24.9,90.7,298.0,72.9,96.0,37.8,43.0,3.0,63.0,4.0,67.0,4.0,59.0,3.0,77.0,4.0,96.7,70.1,1365.0,6.4,10.3,0.3,1.4,7.0,47.0,3.0,0.0,12.0,City of Chicago SD 299, 9 10 11 12
1154,King College Prep High School,HIGH SCHOOL,514,0.2,94.2,4.1,0.6,,0.2,0.8,15.4,2.5,79.2,5.6,178.0,89.8,257.0,61.7,3.6,94.2,94.4,20.5,89.1,101.0,88.0,14.0,42.0,20.0,2.0,26.0,2.0,45.0,3.0,60.0,4.0,91.0,5.0,68.6,66.0,704.0,7.4,2.0,0.0,0.0,0.6,38.4,0.0,0.0,28.4,City of Chicago SD 299, 9 10 11 12
1155,Steinmetz College Prep HS,HIGH SCHOOL,1227,8.9,15.8,71.4,2.3,0.1,0.5,1.1,22.4,21.7,82.9,3.6,178.0,86.2,866.0,68.1,9.4,66.3,71.4,28.9,90.6,281.0,59.9,126.0,61.8,59.0,3.0,74.0,4.0,76.0,4.0,45.0,3.0,68.0,4.0,63.6,77.9,1544.0,31.7,10.1,0.0,0.8,0.9,69.5,1.7,0.0,15.7,City of Chicago SD 299, 9 10 11 12
1156,Sullivan High School,HIGH SCHOOL,654,7.0,39.4,34.9,17.3,0.5,0.2,0.8,25.2,45.3,88.1,6.7,178.0,84.5,531.0,84.4,7.1,60.8,64.4,23.6,85.4,103.0,54.1,22.0,62.5,55.0,3.0,61.0,4.0,63.0,4.0,63.0,4.0,69.0,4.0,84.5,74.6,572.0,0.3,6.3,0.0,0.0,0.3,64.0,2.3,0.0,2.4,City of Chicago SD 299, 9 10 11 12
1157,Taft High School,HIGH SCHOOL,3398,46.9,2.2,39.8,8.0,0.2,0.3,2.5,19.2,8.8,46.6,0.6,178.0,90.5,1275.0,40.2,4.6,81.0,77.9,27.6,95.2,647.0,79.6,268.0,35.1,36.0,2.0,51.0,3.0,58.0,3.0,52.0,3.0,65.0,4.0,86.8,68.1,3254.0,4.1,0.7,0.0,0.7,1.0,45.6,0.6,0.0,24.7,City of Chicago SD 299, 7 8 9 10 11 12
1158,Tilden Career Communty Academy HS,HIGH SCHOOL,214,10.3,49.1,39.3,0.9,,,0.5,36.9,14.5,93.5,26.2,178.0,80.9,298.0,100.0,21.4,48.2,53.5,21.4,84.4,25.0,29.4,9.0,93.4,49.0,3.0,54.0,3.0,31.0,2.0,38.0,2.0,58.0,3.0,66.5,80.8,306.0,1.3,27.5,0.7,2.6,10.8,67.6,2.0,0.0,4.2,City of Chicago SD 299, 9 10 11 12
1159,Von Steuben Metro Science HS,HIGH SCHOOL,1772,16.4,9.8,57.6,13.4,0.1,0.6,2.0,13.3,2.8,66.3,0.5,178.0,92.7,517.0,32.3,1.0,90.7,94.6,29.7,95.0,405.0,83.8,106.0,22.1,44.0,3.0,65.0,4.0,70.0,4.0,68.0,4.0,81.0,5.0,93.2,81.1,1661.0,3.6,4.0,0.0,1.1,3.6,32.9,0.7,0.0,37.4,City of Chicago SD 299, 9 10 11 12
1160,Lincoln Park High School,HIGH SCHOOL,2104,28.7,21.3,33.2,12.2,0.1,0.4,4.0,20.2,3.4,46.8,1.3,178.0,90.7,736.0,38.2,3.9,86.5,89.6,27.4,93.1,510.0,87.1,59.0,32.5,0.0,0.0,0.0,0.0,0.0,0.0,48.0,3.0,82.0,5.0,80.3,34.6,2115.0,0.3,4.1,0.0,0.3,1.1,50.5,0.1,0.0,37.6,City of Chicago SD 299, 9 10 11 12
1161,Washington G High School,HIGH SCHOOL,1435,4.8,4.8,88.5,0.2,,1.0,0.6,18.5,15.3,85.8,2.4,178.0,89.7,717.0,53.3,5.5,81.2,78.5,27.2,89.3,309.0,66.9,93.0,42.1,30.0,2.0,42.0,3.0,47.0,3.0,53.0,3.0,61.0,4.0,89.4,69.3,1438.0,19.5,9.6,0.3,0.9,2.5,68.3,4.8,0.0,29.0,City of Chicago SD 299, 9 10 11 12
1162,Wells Community Academy HS,HIGH SCHOOL,358,5.0,47.8,44.7,0.6,,,2.0,31.6,14.5,89.7,8.4,178.0,86.2,203.0,54.0,8.4,57.9,75.4,26.4,72.1,72.0,50.4,36.0,64.0,54.0,3.0,70.0,4.0,55.0,3.0,53.0,3.0,65.0,4.0,78.8,87.9,457.0,19.0,5.3,0.0,0.9,1.3,41.8,1.3,0.0,29.5,City of Chicago SD 299, 9 10 11 12
1163,Crane Medical Prep HS,HIGH SCHOOL,428,0.7,73.4,24.1,0.9,0.2,0.2,0.5,11.7,1.2,86.7,2.8,178.0,84.7,327.0,88.6,4.7,97.5,95.9,25.5,76.1,80.0,82.2,36.0,67.2,20.0,2.0,32.0,2.0,50.0,3.0,51.0,3.0,71.0,4.0,69.3,73.3,494.0,0.8,6.5,0.0,0.4,0.4,31.6,1.0,0.0,15.6,City of Chicago SD 299, 9 10 11 12
1164,Disney II Magnet HS,HIGH SCHOOL,711,22.8,17.9,52.0,3.7,0.1,0.3,3.2,25.9,2.7,47.8,1.4,178.0,91.6,280.0,43.3,2.2,89.2,87.5,25.1,78.4,95.0,93.3,41.0,31.2,52.0,3.0,57.0,3.0,83.0,5.0,53.0,3.0,72.0,4.0,81.2,80.4,640.0,12.2,11.1,0.0,1.3,1.6,50.3,3.8,0.0,8.4,City of Chicago SD 299, 7 8 9 10 11 12
1165,Young Womens Leadership Chartr HS,CHARTER SCH,158,0.6,94.3,3.8,,,,1.3,32.3,1.9,88.0,5.7,178.0,90.1,91.0,63.7,2.7,88.2,91.4,13.8,66.7,22.0,87.8,7.0,46.9,54.0,3.0,67.0,4.0,68.0,4.0,50.0,3.0,97.0,5.0,70.8,95.0,347.0,2.3,19.3,0.0,0.0,0.6,52.4,7.8,0.0,13.8,City of Chicago SD 299, 9 10 11 12
1166,Urban Prep Chtr Acad Englewood HS,CHARTER SCH,258,,99.2,0.4,,,,0.4,27.1,0.4,85.7,0.4,178.0,93.6,107.0,46.8,2.0,74.3,84.1,18.9,22.2,64.0,77.1,5.0,20.5,69.0,4.0,64.0,4.0,58.0,3.0,52.0,3.0,70.0,4.0,91.2,99.9,444.0,1.1,1.8,1.6,0.0,0.0,28.4,0.0,0.0,12.6,City of Chicago SD 299, 9 10 11 12
1167,IHSCA Charter High School,CHARTER SCH,741,0.3,2.2,97.3,,,0.3,,22.1,30.4,94.7,1.8,178.0,88.0,472.0,67.2,3.6,87.5,94.8,23.2,45.5,131.0,56.8,59.0,47.5,16.0,1.0,17.0,1.0,40.0,3.0,49.0,3.0,57.0,3.0,94.0,82.3,771.0,0.0,0.0,0.0,0.0,0.0,46.7,1.4,0.0,16.9,City of Chicago SD 299, 9 10 11 12
1168,Urban Prep Chtr Acad Bronzeville HS,CHARTER SCH,331,,97.9,1.2,,,0.3,0.6,28.1,,80.4,5.7,178.0,93.2,121.0,42.3,2.5,96.3,92.1,21.9,20.0,103.0,84.0,15.0,25.5,53.0,3.0,58.0,3.0,58.0,3.0,68.0,4.0,89.0,5.0,57.2,90.9,420.0,1.0,1.0,1.4,0.0,0.0,37.9,0.0,0.0,13.3,City of Chicago SD 299, 9 10 11 12
1169,EPIC Academy High School,CHARTER SCH,545,0.7,62.9,35.6,,,,0.7,23.1,14.5,96.3,4.4,178.0,91.7,253.0,51.8,4.2,80.6,78.2,27.1,0.0,99.0,62.7,16.0,32.9,47.0,3.0,53.0,3.0,61.0,4.0,47.0,3.0,66.0,4.0,82.5,83.3,445.0,11.9,40.4,0.9,0.4,0.4,33.3,4.7,0.0,7.0,City of Chicago SD 299, 9 10 11 12
1170,Urban Prep Chtr Acad West Campus HS,CHARTER SCH,178,,96.1,2.2,,,0.6,1.1,30.3,,86.5,2.8,178.0,91.4,93.0,67.3,4.4,83.8,77.8,15.8,35.5,21.0,72.7,4.0,44.0,40.0,3.0,75.0,4.0,0.0,0.0,46.0,3.0,84.0,5.0,67.3,66.7,342.0,0.6,2.0,2.0,0.0,0.6,33.0,0.0,0.0,5.6,City of Chicago SD 299, 9 10 11 12
1171,Legal Prep Academy Charter HS,CHARTER SCH,346,,99.4,,,,0.3,0.3,23.7,,95.1,10.7,178.0,85.4,237.0,82.3,2.3,86.7,83.0,23.9,,0.0,62.9,12.0,63.6,73.0,4.0,75.0,4.0,69.0,4.0,46.0,3.0,70.0,4.0,65.8,88.9,296.0,1.4,3.4,0.7,0.0,0.0,68.9,23.3,0.0,15.2,City of Chicago SD 299, 9 10 11 12
1172,IJLA Charter High School,CHARTER SCH,89,1.1,,97.8,,,1.1,,12.4,32.6,96.6,48.3,178.0,64.0,127.0,100.0,34.9,25.0,50.9,9.8,33.3,,50.0,2.0,100.0,42.0,3.0,51.0,3.0,7.0,1.0,55.0,3.0,45.0,3.0,72.9,99.9,203.0,0.0,0.0,1.0,0.0,0.0,92.6,0.0,0.0,0.0,City of Chicago SD 299, 9 10 11 12
1173,Intrinsic Charter High School,CHARTER SCH,1008,3.5,4.1,91.5,0.6,,,0.4,23.4,15.5,84.3,3.3,178.0,94.0,435.0,48.1,19.4,91.6,95.5,20.9,27.2,167.0,83.3,33.0,14.0,58.0,3.0,76.0,4.0,99.0,5.0,72.0,4.0,69.0,4.0,94.9,99.9,828.0,0.0,13.8,0.7,0.0,0.0,19.1,1.7,0.0,6.8,City of Chicago SD 299, 7 8 9 10 11 12
1174,CICS - Quest North Campus,CHARTER SCH,235,1.3,90.2,7.2,0.4,,,0.9,24.7,2.6,91.9,22.1,178.0,,,,8.1,86.3,96.1,18.1,,7.0,,,,31.0,2.0,63.0,4.0,62.0,4.0,47.0,3.0,56.0,3.0,71.2,76.5,,,,,,,,,,,City of Chicago SD 299, 9 10 11 12
1175,Noble St Chtr-Pritzker College Prep,CHARTER SCH,974,0.8,3.8,94.7,,,0.5,0.2,13.0,14.6,95.7,1.0,178.0,94.6,285.0,30.0,1.7,87.8,98.1,30.6,0.0,239.0,,,12.4,48.0,3.0,67.0,4.0,76.0,4.0,81.0,5.0,94.0,5.0,54.2,83.0,,,,,,,,,,,City of Chicago SD 299, 9 10 11 12
1176,Noble St Chtr Rauner College Prep,CHARTER SCH,615,1.5,19.8,77.6,,,0.3,0.8,17.2,13.3,83.6,3.3,178.0,93.1,300.0,49.1,4.7,85.3,97.6,25.9,0.0,115.0,,,23.7,69.0,4.0,69.0,4.0,73.0,4.0,74.0,4.0,88.0,5.0,90.4,68.2,,,,,,,,,,,City of Chicago SD 299, 9 10 11 12
1177,Noble St Chtr-Rowe-Clark MS Acad,CHARTER SCH,405,0.2,79.0,19.0,,,0.7,1.0,27.9,8.1,95.3,8.9,178.0,90.3,246.0,62.7,7.2,82.2,97.4,24.6,69.2,87.0,,,37.8,75.0,4.0,74.0,4.0,82.0,5.0,75.0,4.0,96.0,5.0,53.7,84.4,,,,,,,,,,,City of Chicago SD 299, 9 10 11 12
1178,Noble St Chtr-Golder College Prep,CHARTER SCH,665,2.3,16.2,79.1,0.3,,0.3,1.8,22.6,11.6,89.6,4.1,178.0,91.3,302.0,49.1,3.3,92.3,95.1,25.6,85.7,163.0,,,33.1,35.0,2.0,43.0,3.0,51.0,3.0,70.0,4.0,81.0,5.0,80.2,88.4,,,,,,,,,,,City of Chicago SD 299, 9 10 11 12
1179,Noble St Chtr-Comer College Prep,CHARTER SCH,1180,,96.7,2.4,0.1,0.1,0.1,0.7,20.3,0.8,84.1,9.1,178.0,93.1,502.0,44.5,3.0,87.8,96.6,25.4,62.1,231.0,,,21.8,,,,,,,,,,,,,,,,,,,,,,,City of Chicago SD 299, 6 7 8 9 10 11 12
1180,Noble St Chtr-UIC College Prep,CHARTER SCH,934,1.2,30.0,64.9,3.1,0.1,0.3,0.4,18.6,10.7,85.1,3.9,178.0,93.2,304.0,33.7,4.6,94.2,97.1,26.1,62.0,246.0,,,18.6,69.0,4.0,73.0,4.0,78.0,4.0,72.0,4.0,93.0,5.0,88.1,88.2,,,,,,,,,,,City of Chicago SD 299, 9 10 11 12
1181,Noble St Chtr-Chicago Bulls Prep,CHARTER SCH,1137,0.6,31.3,67.1,0.4,0.1,0.3,0.2,20.1,9.6,90.1,2.4,178.0,92.6,512.0,46.6,1.8,94.8,99.6,28.3,78.9,278.0,,,22.4,49.0,3.0,63.0,4.0,53.0,3.0,78.0,4.0,91.0,5.0,62.5,80.6,,,,,,,,,,,City of Chicago SD 299, 9 10 11 12
1182,Noble St Chtr-Muchin College Prep,CHARTER SCH,973,0.4,28.8,66.3,3.7,,0.3,0.5,16.2,9.5,85.2,3.3,178.0,94.4,209.0,22.9,2.1,92.0,100.0,27.7,75.0,261.0,,,16.5,46.0,3.0,59.0,3.0,79.0,4.0,66.0,4.0,91.0,5.0,94.7,88.1,,,,,,,,,,,City of Chicago SD 299, 9 10 11 12
1183,Noble St Chtr-Johnson College Prep,CHARTER SCH,765,,95.7,3.5,0.1,0.1,0.3,0.3,22.2,0.8,91.8,17.4,178.0,88.3,537.0,73.9,6.1,84.9,97.2,23.0,63.0,140.0,,,46.0,36.0,2.0,44.0,3.0,63.0,4.0,61.0,4.0,81.0,5.0,57.9,71.0,,,,,,,,,,,City of Chicago SD 299, 9 10 11 12
1184,Noble St Chtr-Hansberry College Prep - Silver,CHARTER SCH,554,,99.1,0.7,,0.2,,,24.0,1.3,80.1,2.9,178.0,92.6,267.0,51.5,5.2,87.5,89.6,23.5,75.0,115.0,,,29.1,38.0,2.0,51.0,3.0,49.0,3.0,52.0,3.0,81.0,5.0,53.7,87.2,,,,,,,,,,,City of Chicago SD 299, 9 10 11 12
1185,Noble St Chtr-DRW Trading College Prep,CHARTER SCH,355,,95.5,3.7,0.3,,,0.6,33.5,0.3,94.4,19.2,178.0,87.4,256.0,79.1,7.9,90.7,98.3,21.5,28.1,66.0,,,67.1,59.0,3.0,60.0,4.0,60.0,4.0,49.0,3.0,66.0,4.0,50.3,73.5,,,,,,,,,,,City of Chicago SD 299, 9 10 11 12
1186,Noble St Chtr-Butler College Prep - Crimson,CHARTER SCH,676,0.3,94.7,4.0,,0.1,,0.9,23.4,2.1,89.3,13.3,178.0,92.3,365.0,56.6,2.1,90.6,100.0,24.7,82.8,147.0,,,26.0,45.0,3.0,50.0,3.0,67.0,4.0,59.0,3.0,89.0,5.0,84.0,58.8,,,,,,,,,,,City of Chicago SD 299, 9 10 11 12
1187,Noble St Chtr-Baker Campus,CHARTER SCH,230,1.7,79.1,17.4,0.4,0.4,0.4,0.4,27.8,10.4,95.7,10.9,178.0,89.8,140.0,64.5,9.7,84.5,89.5,20.0,66.7,37.0,,,43.6,76.0,4.0,87.0,5.0,78.0,4.0,64.0,4.0,95.0,5.0,72.2,92.9,,,,,,,,,,,City of Chicago SD 299, 9 10 11 12
1188,Noble St Chtr-Noble Campus,CHARTER SCH,668,1.2,11.4,85.6,0.7,,0.6,0.4,20.2,10.5,83.4,2.1,178.0,94.5,243.0,38.8,1.6,95.2,100.0,24.7,64.9,130.0,,,15.5,73.0,4.0,82.0,5.0,80.0,5.0,84.0,5.0,93.0,5.0,92.0,90.5,,,,,,,,,,,City of Chicago SD 299, 9 10 11 12
1189,Noble St Chtr-ITW Speer Acad,CHARTER SCH,1067,1.5,12.9,84.8,0.2,0.1,0.2,0.3,20.7,13.7,88.7,1.4,178.0,94.3,339.0,32.7,2.9,86.5,97.0,32.4,2.1,282.0,,,15.0,57.0,3.0,67.0,4.0,70.0,4.0,74.0,4.0,76.0,4.0,86.6,93.4,,,,,,,,,,,City of Chicago SD 299, 9 10 11 12
1190,Noble St Chtr-The Noble Academy,CHARTER SCH,444,1.6,41.9,51.4,3.2,,1.1,0.9,19.1,5.9,82.2,2.0,178.0,93.1,179.0,43.4,3.9,89.7,97.5,26.1,0.0,122.0,,,22.5,49.0,3.0,69.0,4.0,80.0,5.0,64.0,4.0,72.0,4.0,62.8,93.8,,,,,,,,,,,City of Chicago SD 299, 9 10 11 12
1192,North Lawndale Prep Chtr-Collins,CHARTER SCH,359,,98.6,0.6,,,,0.8,21.4,,94.4,5.8,178.0,96.3,75.0,23.4,1.1,85.9,98.4,28.5,,70.0,,,8.4,51.0,3.0,58.0,3.0,50.0,3.0,66.0,4.0,92.0,5.0,79.1,69.2,,,,,,,,,,,City of Chicago SD 299, 9 10 11 12
1193,Acero Chtr Sch Newtwork- Sor Juana Ines de la Cruz,CHARTER SCH,657,2.6,38.7,55.7,1.4,0.3,0.6,0.8,14.8,44.0,92.7,0.6,178.0,94.5,75.0,13.6,1.2,86.4,98.1,9.1,80.2,26.0,,,20.7,20.0,2.0,16.0,1.0,24.0,2.0,36.0,2.0,36.0,2.0,60.5,94.9,,,,,,,,,,,City of Chicago SD 299, K 1 2 3 4 5 6 7 8 9 10 11 12
1194,Perspectives Chtr - Joslin Campus,CHARTER SCH,382,0.3,91.4,6.0,0.8,0.5,,1.0,23.0,1.3,85.3,1.0,178.0,93.9,135.0,38.0,2.4,100.0,98.3,4.3,0.0,5.0,,,20.8,25.0,2.0,19.0,1.0,29.0,2.0,37.0,2.0,47.0,3.0,57.4,63.3,,,,,,,,,,,City of Chicago SD 299, 6 7 8 9 10 11 12
1195,Perspectives Chtr - Leadership Acad,CHARTER SCH,406,,97.5,1.5,,0.2,,0.7,22.4,0.2,92.4,6.4,178.0,92.5,191.0,52.5,1.5,94.5,100.0,3.4,0.0,7.0,,,31.9,53.0,3.0,56.0,3.0,53.0,3.0,47.0,3.0,71.0,4.0,80.2,86.8,,,,,,,,,,,City of Chicago SD 299, 6 7 8 9 10 11 12
1196,Chicago Vocational Career Acad HS,HIGH SCHOOL,875,0.1,97.0,2.3,0.1,,0.1,0.3,26.5,1.9,92.6,16.5,178.0,83.6,953.0,100.0,9.2,67.3,71.7,28.3,81.0,192.0,46.0,51.0,82.7,57.0,3.0,63.0,4.0,65.0,4.0,56.0,3.0,87.0,5.0,82.6,72.7,977.0,1.3,13.5,0.0,7.4,15.1,73.7,2.6,0.0,9.3,City of Chicago SD 299, 9 10 11 12
1197,Perspectives Chtr - High School of Technology,CHARTER SCH,317,,98.1,0.9,,,,0.9,24.0,0.9,91.8,4.4,178.0,91.5,163.0,58.5,1.4,97.4,98.6,3.5,0.0,5.0,,,34.8,50.0,3.0,59.0,3.0,50.0,3.0,50.0,3.0,67.0,4.0,84.9,75.9,,,,,,,,,,,City of Chicago SD 299, 9 10 11 12
1198,Dunbar Vocational Career Acad HS,HIGH SCHOOL,312,0.6,95.2,4.2,,,,,31.4,3.2,95.8,11.2,178.0,86.7,213.0,80.9,6.0,84.5,78.5,25.1,76.4,42.0,54.5,40.0,64.1,56.0,3.0,74.0,4.0,76.0,4.0,53.0,3.0,78.0,4.0,89.4,88.6,771.0,12.8,21.5,0.3,1.6,4.4,54.6,1.3,0.0,15.4,City of Chicago SD 299, 9 10 11 12
1199,Jones College Prep High School,HIGH SCHOOL,1908,37.9,11.9,29.5,14.3,0.6,0.3,5.5,15.6,1.2,37.5,0.2,178.0,92.6,383.0,22.3,0.9,95.9,96.2,28.2,93.2,495.0,89.2,36.0,23.8,36.0,2.0,44.0,3.0,79.0,4.0,84.0,5.0,95.0,5.0,90.5,70.9,1675.0,2.4,1.3,0.0,0.2,0.2,33.9,0.0,0.0,47.9,City of Chicago SD 299, 9 10 11 12
1200,Prosser Career Academy HS,HIGH SCHOOL,1327,1.9,19.2,77.8,0.4,0.1,0.5,0.2,16.7,7.7,89.1,2.4,178.0,89.0,585.0,50.4,1.8,90.4,94.0,28.7,90.6,212.0,72.4,126.0,44.8,39.0,2.0,51.0,3.0,54.0,3.0,59.0,3.0,72.0,4.0,84.1,66.3,1458.0,10.2,8.0,0.3,0.4,0.7,64.5,1.2,0.0,22.2,City of Chicago SD 299, 9 10 11 12
1201,Richards Career Academy HS,HIGH SCHOOL,217,0.9,41.0,57.6,,,,0.5,22.1,33.2,99.1,27.6,178.0,77.8,314.0,100.0,18.6,47.6,57.3,21.2,75.0,33.0,36.1,15.0,98.5,80.0,5.0,74.0,4.0,52.0,3.0,50.0,3.0,54.0,3.0,68.4,95.8,279.0,13.6,35.8,0.0,3.6,5.4,100.0,12.9,0.0,22.9,City of Chicago SD 299, 9 10 11 12
1202,Simeon Career Academy High School,HIGH SCHOOL,1338,,98.7,1.0,,0.1,,0.3,11.8,0.1,88.6,7.2,178.0,88.2,840.0,72.3,2.4,92.1,92.1,31.5,86.4,298.0,68.0,89.0,52.4,0.0,0.0,0.0,0.0,0.0,0.0,59.0,3.0,89.0,5.0,56.5,40.7,1385.0,6.9,16.8,0.1,1.4,3.2,51.5,1.4,0.0,5.6,City of Chicago SD 299, 9 10 11 12
1203,Perspectives Chtr -  IIT Campus,CHARTER SCH,488,0.2,98.0,1.8,,,,,19.9,1.2,91.2,11.9,178.0,89.4,338.0,75.9,3.1,87.5,98.4,6.2,3.8,20.0,,,48.2,28.0,2.0,45.0,3.0,51.0,3.0,37.0,2.0,51.0,3.0,76.7,66.7,,,,,,,,,,,City of Chicago SD 299, 6 7 8 9 10 11 12
1204,Corliss High School,HIGH SCHOOL,272,,97.4,1.5,,,0.7,0.4,29.0,1.5,91.2,8.5,178.0,83.7,281.0,88.9,13.5,64.8,54.5,25.0,75.4,44.0,42.9,23.0,74.7,69.0,4.0,67.0,4.0,62.0,4.0,47.0,3.0,75.0,4.0,75.5,75.0,428.0,9.3,8.4,0.5,6.1,6.8,79.9,4.7,0.0,21.5,City of Chicago SD 299, 9 10 11 12
1205,Clemente Community Academy HS,HIGH SCHOOL,697,1.7,29.7,67.3,0.3,0.1,0.4,0.4,29.3,12.6,87.7,13.5,178.0,81.1,619.0,92.3,6.8,84.0,79.6,30.6,76.5,132.0,50.5,39.0,77.3,27.0,2.0,44.0,3.0,55.0,3.0,45.0,3.0,59.0,3.0,58.9,77.2,763.0,0.8,40.2,0.0,0.5,3.8,75.8,9.8,0.0,13.5,City of Chicago SD 299, 9 10 11 12
1206,YCCS-Scholastic Achievement HS,CHARTER SCH,170,,95.9,3.5,,,0.6,,18.2,0.6,88.2,16.5,178.0,62.4,194.0,100.0,33.3,41.1,58.0,7.3,62.5,,,,100.0,0.0,0.0,0.0,0.0,0.0,0.0,70.0,4.0,85.0,5.0,71.0,87.5,,,,,,,,,,,City of Chicago SD 299, 9 10 11 12
1207,YCCS- McKinley-Lakeside Leadership Academy,CHARTER SCH,150,0.7,97.3,2.0,,,,,21.3,1.3,96.0,30.0,178.0,66.1,209.0,100.0,28.6,50.0,61.9,5.0,62.5,,,,100.0,41.0,3.0,50.0,3.0,0.0,0.0,59.0,3.0,68.0,4.0,67.0,99.9,,,,,,,,,,,City of Chicago SD 299, 9 10 11 12
1208,YCCS-ASPIRA Pantoja Alt HS,CHARTER SCH,173,2.9,2.9,93.1,,0.6,0.6,,19.7,26.6,83.2,9.8,178.0,65.5,195.0,100.0,53.6,21.7,27.4,7.6,55.6,,,,100.0,51.0,3.0,73.0,4.0,0.0,0.0,0.0,0.0,0.0,0.0,44.5,99.9,,,,,,,,,,,City of Chicago SD 299, 9 10 11 12
1209,YCCS-Association House,CHARTER SCH,129,3.1,25.6,70.5,,,,0.8,24.0,15.5,93.0,36.4,178.0,59.7,186.0,100.0,49.8,31.5,23.3,6.2,75.0,,,,100.0,88.0,5.0,85.0,5.0,32.0,2.0,64.0,4.0,57.0,3.0,61.5,99.9,,,,,,,,,,,City of Chicago SD 299, 9 10 11 12
1210,YCCS-Austin Career Ed Cntr HS,CHARTER SCH,106,,99.1,0.9,,,,,18.9,,91.5,28.3,178.0,71.3,141.0,100.0,33.1,58.9,59.8,9.1,100.0,,,,100.0,0.0,0.0,0.0,0.0,0.0,0.0,70.0,4.0,87.0,5.0,70.9,75.0,,,,,,,,,,,City of Chicago SD 299, 9 10 11 12
1211,YCCS-CCA Academy HS,CHARTER SCH,158,,97.5,1.9,,,,0.6,24.7,,96.2,40.5,178.0,51.6,218.0,100.0,30.9,37.6,42.1,10.0,27.3,,,,100.0,41.0,3.0,54.0,3.0,0.0,0.0,52.0,3.0,56.0,3.0,53.9,90.0,,,,,,,,,,,City of Chicago SD 299, 9 10 11 12
1212,YCCS-Progressive Leadership Academy,CHARTER SCH,185,,98.4,1.6,,,,,15.1,1.1,80.0,37.3,178.0,59.9,255.0,100.0,34.7,61.8,68.6,5.7,40.0,,,,100.0,0.0,0.0,0.0,0.0,0.0,0.0,57.0,3.0,73.0,4.0,74.7,87.5,,,,,,,,,,,City of Chicago SD 299, 9 10 11 12
1213,Manley Career Academy High School,HIGH SCHOOL,80,1.3,97.5,1.3,,,,,40.0,,85.0,12.5,178.0,74.3,291.0,100.0,23.8,21.3,22.7,15.3,62.5,18.0,29.3,6.0,100.0,65.0,4.0,86.0,5.0,81.0,5.0,84.0,5.0,99.0,5.0,59.8,83.3,255.0,20.4,36.5,0.0,0.8,7.5,85.1,37.6,0.0,22.0,City of Chicago SD 299, 9 10 11 12
1214,Curie Metropolitan High School,HIGH SCHOOL,2895,2.1,12.8,82.7,1.7,0.0,0.3,0.3,15.4,14.1,88.5,1.6,178.0,88.4,1612.0,60.4,8.8,69.6,74.1,27.2,88.2,572.0,71.4,220.0,47.7,40.0,3.0,52.0,3.0,53.0,3.0,47.0,3.0,61.0,4.0,90.5,91.2,3056.0,3.2,6.2,0.0,1.0,1.0,54.6,1.3,0.0,12.4,City of Chicago SD 299, 9 10 11 12
1215,YCCS-Community Youth Dev Inst HS,CHARTER SCH,137,,98.5,,,,1.5,,21.9,,98.5,23.4,178.0,63.2,189.0,100.0,45.7,32.2,47.1,5.7,85.7,,,,100.0,43.0,3.0,53.0,3.0,0.0,0.0,59.0,3.0,80.0,5.0,69.5,99.9,,,,,,,,,,,City of Chicago SD 299, 9 10 11 12
1216,YCCS-Albizu Campos Puerto Rican HS,CHARTER SCH,185,0.5,24.3,73.0,,0.5,1.1,0.5,25.4,8.6,92.4,25.4,178.0,63.8,246.0,100.0,34.3,43.6,51.4,9.3,57.1,,,,100.0,77.0,4.0,78.0,4.0,60.0,4.0,62.0,4.0,65.0,4.0,61.1,85.7,,,,,,,,,,,City of Chicago SD 299, 9 10 11 12
1217,YCCS-Innovations of Arts Integr HS,CHARTER SCH,403,0.2,91.8,7.4,,0.2,,0.2,18.9,1.2,88.3,53.1,178.0,50.4,544.0,100.0,39.0,35.8,43.6,9.1,85.7,,,,100.0,59.0,3.0,58.0,3.0,18.0,1.0,54.0,3.0,59.0,3.0,55.6,94.1,,,,,,,,,,,City of Chicago SD 299, 9 10 11 12
1218,YCCS-Jane Addams Alternative HS,CHARTER SCH,209,3.3,25.4,71.3,,,,,21.5,9.1,72.2,9.6,178.0,80.5,234.0,100.0,42.6,42.7,60.3,7.2,83.3,,,,100.0,80.0,5.0,87.0,5.0,69.0,4.0,86.0,5.0,99.0,5.0,97.3,99.9,,,,,,,,,,,City of Chicago SD 299, 9 10 11 12
1219,YCCS-Latino Youth Alternative HS,CHARTER SCH,219,,10.5,88.6,0.5,,0.5,,16.0,21.0,84.9,21.0,178.0,67.1,270.0,100.0,45.3,21.6,36.7,10.9,87.5,,,,100.0,67.0,4.0,65.0,4.0,35.0,2.0,58.0,3.0,58.0,3.0,90.3,99.9,,,,,,,,,,,City of Chicago SD 299, 9 10 11 12
1220,YCCS-Olive Harvey Mid College HS,CHARTER SCH,101,,84.2,13.9,,,,2.0,12.9,4.0,89.1,27.7,178.0,76.4,127.0,100.0,41.4,15.4,29.8,2.8,100.0,,,,100.0,0.0,0.0,0.0,0.0,0.0,0.0,49.0,3.0,51.0,3.0,60.0,99.9,,,,,,,,,,,City of Chicago SD 299, 9 10 11 12
1221,YCCS-Sullivan House Alt HS,CHARTER SCH,304,,95.7,3.6,,,,0.7,18.1,,98.4,31.9,178.0,86.0,181.0,68.0,15.9,53.6,62.4,5.9,92.3,,,,57.7,79.0,4.0,80.0,5.0,71.0,4.0,62.0,4.0,82.0,5.0,58.1,94.1,,,,,,,,,,,City of Chicago SD 299, 9 10 11 12
1222,YCCS-Truman Middle College HS,CHARTER SCH,218,8.7,31.7,45.0,9.2,0.5,1.8,3.2,11.9,23.4,78.4,15.6,178.0,64.7,250.0,100.0,37.0,29.5,36.8,7.3,78.6,,,,100.0,53.0,3.0,48.0,3.0,34.0,2.0,65.0,4.0,67.0,4.0,99.3,92.9,,,,,,,,,,,City of Chicago SD 299, 9 10 11 12
1223,YCCS-West Town Academy Alt HS,CHARTER SCH,172,0.6,61.0,37.2,,,0.6,0.6,19.2,7.6,83.7,26.2,178.0,61.1,229.0,100.0,39.9,41.4,40.9,7.5,60.0,,,,100.0,43.0,3.0,47.0,3.0,12.0,1.0,58.0,3.0,48.0,3.0,58.1,90.9,,,,,,,,,,,City of Chicago SD 299, 9 10 11 12
1224,YCCS-Westside Holistic Ldr Acad HS,CHARTER SCH,155,1.3,67.1,31.6,,,,,18.7,7.1,92.3,16.1,178.0,65.1,210.0,100.0,30.1,43.4,61.5,9.4,,,,,100.0,34.0,2.0,47.0,3.0,0.0,0.0,52.0,3.0,61.0,4.0,64.6,99.9,,,,,,,,,,,City of Chicago SD 299, 9 10 11 12
1225,YCCS-Youth Connection Leadership Academy,CHARTER SCH,219,0.5,95.9,3.2,,,,0.5,19.6,0.9,83.1,15.5,178.0,56.2,256.0,100.0,47.2,45.8,51.3,10.2,55.6,,,,100.0,59.0,3.0,48.0,3.0,0.0,0.0,46.0,3.0,47.0,3.0,51.1,66.7,,,,,,,,,,,City of Chicago SD 299, 9 10 11 12
1226,YCCS Chtr - Chatham,CHARTER SCH,174,,98.9,1.1,,,,,17.2,,93.7,19.5,178.0,70.6,217.0,100.0,42.1,38.0,49.3,4.8,57.1,,,,100.0,71.0,4.0,62.0,4.0,0.0,0.0,59.0,3.0,54.0,3.0,54.2,83.3,,,,,,,,,,,City of Chicago SD 299, 9 10 11 12
1227,ASPIRA Charter - Early College Prep HS,CHARTER SCH,328,1.5,2.1,94.8,0.6,,0.3,0.6,30.5,34.1,94.5,5.2,178.0,91.7,132.0,42.8,10.1,75.9,91.8,17.8,,82.0,,,34.6,69.0,4.0,83.0,5.0,97.0,5.0,72.0,4.0,74.0,4.0,83.4,90.0,,,,,,,,,,,City of Chicago SD 299, 9 10 11 12
1228,Julian High School,HIGH SCHOOL,449,,98.0,1.8,,,,0.2,26.9,0.2,85.7,19.6,178.0,81.0,416.0,96.4,7.6,81.2,82.4,28.8,79.6,81.0,41.5,46.0,89.8,48.0,3.0,73.0,4.0,72.0,4.0,70.0,4.0,87.0,5.0,65.1,82.5,725.0,47.7,25.7,0.0,4.8,10.9,84.0,7.9,0.0,5.5,City of Chicago SD 299, 9 10 11 12
1229,Young Magnet High School,HIGH SCHOOL,2208,28.3,20.6,29.4,16.9,0.6,0.3,4.0,13.1,1.9,37.8,0.1,178.0,95.4,132.0,6.8,1.1,96.8,97.6,27.3,95.0,468.0,88.7,22.0,10.5,47.0,3.0,53.0,3.0,89.0,5.0,76.0,4.0,85.0,5.0,62.9,50.4,2158.0,1.0,1.0,0.0,0.0,0.0,23.1,0.1,0.0,52.5,City of Chicago SD 299, 7 8 9 10 11 12
1230,Juarez Community Academy HS,HIGH SCHOOL,1702,0.6,3.1,94.2,0.6,,0.4,1.1,19.2,21.3,71.9,0.8,178.0,85.7,1171.0,73.1,5.9,68.8,83.2,25.2,91.4,421.0,57.7,73.0,54.9,61.0,4.0,82.0,5.0,93.0,5.0,68.0,4.0,84.0,5.0,75.5,93.5,1689.0,3.0,8.8,0.1,0.0,0.5,49.1,2.7,0.0,24.6,City of Chicago SD 299, 9 10 11 12
1231,Chicago HS for Agricult Sciences,HIGH SCHOOL,761,35.5,43.8,17.6,0.3,0.1,0.8,2.0,27.7,1.7,39.8,,178.0,93.6,141.0,22.4,1.2,95.8,95.2,25.3,89.7,167.0,82.9,46.0,19.7,72.0,4.0,77.0,4.0,82.0,5.0,64.0,4.0,60.0,4.0,87.9,79.4,720.0,0.6,4.0,0.0,0.0,0.3,33.6,1.4,0.0,11.0,City of Chicago SD 299, 9 10 11 12
1232,Hancock College Preparatory HS,HIGH SCHOOL,1008,2.9,1.8,93.9,1.1,,0.3,,8.0,0.6,81.7,0.5,178.0,92.9,304.0,33.1,3.5,92.6,82.4,27.6,92.5,262.0,78.9,76.0,25.8,68.0,4.0,72.0,4.0,77.0,4.0,75.0,4.0,91.0,5.0,82.6,93.4,906.0,0.0,6.7,0.0,0.0,0.4,50.0,0.8,0.0,25.3,City of Chicago SD 299, 9 10 11 12
1233,Brooks College Prep Academy HS,HIGH SCHOOL,986,0.8,80.1,18.2,0.2,0.2,0.1,0.4,9.3,0.3,67.6,2.4,178.0,91.0,493.0,56.6,2.8,87.9,90.1,29.3,89.8,170.0,88.1,16.0,32.4,51.0,3.0,54.0,3.0,68.0,4.0,50.0,3.0,69.0,4.0,85.8,77.6,838.0,8.1,5.4,0.0,0.0,0.0,45.0,1.0,0.0,84.2,City of Chicago SD 299, 7 8 9 10 11 12
1234,Northside College Preparatory Hs,HIGH SCHOOL,1090,26.9,7.5,29.8,20.3,0.9,0.5,14.1,13.6,1.1,44.0,0.2,178.0,94.3,248.0,25.2,0.2,97.4,97.9,26.9,93.7,272.0,93.6,11.0,16.4,71.0,4.0,73.0,4.0,98.0,5.0,88.0,5.0,99.0,5.0,58.7,64.8,1062.0,0.0,1.1,0.0,0.0,0.6,31.3,0.2,0.0,59.2,City of Chicago SD 299, 9 10 11 12
1235,Chicago Military Academy HS,HIGH SCHOOL,299,1.3,62.9,34.8,,,,1.0,15.4,6.4,73.9,6.4,178.0,90.8,147.0,54.2,0.7,95.6,93.6,22.4,76.9,41.0,52.6,8.0,36.1,64.0,4.0,67.0,4.0,67.0,4.0,43.0,3.0,63.0,4.0,87.4,99.9,331.0,0.6,17.5,0.6,0.6,2.1,34.1,7.9,0.0,15.4,City of Chicago SD 299, 9 10 11 12
1236,Payton College Preparatory HS,HIGH SCHOOL,1153,43.6,10.8,22.3,17.4,0.7,0.2,5.0,12.5,0.9,31.0,0.2,178.0,94.3,182.0,17.5,0.4,98.1,97.7,27.1,96.2,301.0,89.1,16.0,18.3,52.0,3.0,49.0,3.0,90.0,5.0,88.0,5.0,95.0,5.0,73.5,65.4,887.0,0.7,2.8,0.0,0.0,0.0,34.6,0.1,0.0,76.3,City of Chicago SD 299, 9 10 11 12
1237,Aspira Charter - Business and Finance HS,CHARTER SCH,640,1.6,2.7,94.4,0.6,,0.2,0.6,25.6,33.0,66.3,0.8,178.0,87.1,408.0,67.7,2.6,86.7,,26.2,0.0,94.0,,,51.0,9.0,1.0,29.0,2.0,27.0,2.0,54.0,3.0,62.0,4.0,80.5,55.0,,,,,,,,,,,City of Chicago SD 299, 9 10 11 12
1238,Phoenix Military Academy HS,HIGH SCHOOL,545,0.9,15.6,80.6,1.7,0.4,0.6,0.4,11.4,7.3,88.6,2.2,178.0,94.9,179.0,36.6,0.6,99.1,100.0,26.7,91.2,138.0,75.0,50.0,15.3,56.0,3.0,69.0,4.0,87.0,5.0,60.0,4.0,76.0,4.0,92.7,90.9,520.0,5.4,6.5,0.0,0.0,0.8,24.2,1.9,0.0,52.1,City of Chicago SD 299, 9 10 11 12
1239,Spry Community Links High School,HIGH SCHOOL,127,2.4,,96.1,,,0.8,0.8,29.9,43.3,92.9,,178.0,82.5,86.0,80.8,12.2,61.9,92.2,18.9,96.6,27.0,78.6,25.0,62.9,52.0,3.0,86.0,5.0,70.0,4.0,69.0,4.0,56.0,3.0,84.3,81.3,178.0,18.0,5.1,0.0,0.0,0.0,40.4,3.9,0.0,44.4,City of Chicago SD 299, 9 10 11 12
1241,Chicago Academy High School,HIGH SCHOOL,559,19.7,10.2,63.9,4.5,0.2,0.7,0.9,23.8,13.8,80.0,1.3,178.0,94.1,152.0,29.8,3.3,89.0,91.4,28.5,85.1,139.0,80.2,32.0,19.2,64.0,4.0,68.0,4.0,49.0,3.0,68.0,4.0,79.0,4.0,98.9,87.5,547.0,40.4,6.8,0.0,0.0,0.7,36.0,1.3,0.0,17.9,City of Chicago SD 299, 9 10 11 12
1242,Bowen High School,HIGH SCHOOL,250,0.4,80.0,18.4,,0.8,,0.4,31.2,10.4,86.0,35.2,178.0,83.4,301.0,96.5,11.2,55.2,57.7,22.3,80.4,29.0,34.9,19.0,76.7,54.0,3.0,58.0,3.0,65.0,4.0,69.0,4.0,78.0,4.0,49.8,50.0,361.0,78.9,35.5,0.0,1.1,3.9,62.9,6.1,0.0,20.2,City of Chicago SD 299, 9 10 11 12
1243,North-Grand High School,HIGH SCHOOL,991,1.0,17.1,80.9,0.3,,0.4,0.3,25.0,26.7,88.6,2.0,178.0,89.6,377.0,42.7,6.6,87.9,83.4,28.9,94.4,220.0,61.3,51.0,46.4,80.0,5.0,81.0,5.0,87.0,5.0,63.0,4.0,77.0,4.0,89.8,82.1,979.0,41.4,17.8,0.0,0.2,0.2,55.7,2.5,0.0,15.5,City of Chicago SD 299, 9 10 11 12
1244,Raby High School,HIGH SCHOOL,343,1.2,92.1,6.1,0.3,0.3,,,30.9,3.8,93.9,8.5,178.0,80.9,261.0,100.0,4.3,88.6,90.5,18.9,74.7,47.0,46.8,13.0,86.2,33.0,2.0,56.0,3.0,37.0,2.0,51.0,3.0,58.0,3.0,84.1,59.5,483.0,44.9,31.1,0.0,0.4,0.8,71.8,1.4,0.0,9.5,City of Chicago SD 299, 9 10 11 12
1245,Clark Acad Prep Magnet High Schl,HIGH SCHOOL,516,,96.7,3.1,,,0.2,,17.4,1.6,76.4,6.4,178.0,90.7,289.0,65.6,1.7,92.1,96.9,25.4,72.0,97.0,71.4,26.0,40.6,55.0,3.0,68.0,4.0,73.0,4.0,45.0,3.0,61.0,4.0,74.2,72.5,525.0,7.2,32.6,0.0,0.4,0.8,32.2,11.6,0.0,16.2,City of Chicago SD 299, 9 10 11 12
1246,Rickover Naval Academy High Schl,HIGH SCHOOL,458,8.3,7.6,76.9,6.1,,0.4,0.7,17.0,5.9,86.5,1.7,178.0,92.2,178.0,42.7,3.4,94.3,92.9,24.9,91.9,94.0,72.3,31.0,28.3,78.0,4.0,85.0,5.0,92.0,5.0,60.0,4.0,64.0,4.0,87.8,72.7,582.0,7.7,8.4,0.0,0.0,0.3,36.4,2.7,0.0,18.9,City of Chicago SD 299, 9 10 11 12
1247,Uplift Community High School,HIGH SCHOOL,160,2.5,74.4,15.6,5.6,,0.6,1.3,42.5,13.1,90.6,15.0,178.0,85.1,85.0,80.2,4.0,86.0,96.0,18.0,75.0,10.0,57.9,12.0,72.2,55.0,3.0,65.0,4.0,77.0,4.0,50.0,3.0,74.0,4.0,71.4,77.8,314.0,16.2,18.8,0.0,0.6,1.3,46.5,2.9,0.0,16.6,City of Chicago SD 299, 9 10 11 12
1248,CICS - Northtown  Campus,CHARTER SCH,920,16.6,6.5,56.2,17.9,0.3,0.3,2.1,28.6,16.2,77.2,0.4,178.0,,,,1.9,98.5,97.8,27.7,,155.0,,,,92.0,5.0,99.0,5.0,96.0,5.0,82.0,5.0,84.0,5.0,84.0,81.6,,,,,,,,,,,City of Chicago SD 299, 9 10 11 12
1249,World Language High School,HIGH SCHOOL,353,0.8,4.8,92.9,,,,1.4,17.6,31.2,96.6,5.4,178.0,91.6,122.0,37.8,7.1,82.7,85.5,23.0,90.4,68.0,65.8,38.0,35.9,42.0,3.0,62.0,4.0,44.0,3.0,63.0,4.0,75.0,4.0,84.7,82.1,331.0,3.9,2.4,0.0,0.6,1.2,26.9,0.0,0.0,28.7,City of Chicago SD 299, 9 10 11 12
1250,Douglass Academy High School,HIGH SCHOOL,61,,95.1,4.9,,,,,23.0,1.6,85.2,18.0,178.0,83.0,65.0,100.0,9.9,59.1,65.3,15.4,77.8,,31.7,2.0,93.8,57.0,3.0,53.0,3.0,0.0,0.0,69.0,4.0,65.0,4.0,98.3,99.9,234.0,50.0,61.5,0.0,0.0,2.6,94.0,27.4,0.0,16.7,City of Chicago SD 299, 9 10 11 12
1252,Lindblom Math & Science Acad HS,HIGH SCHOOL,1361,2.8,71.0,24.4,0.9,,0.3,0.7,10.3,1.9,63.9,0.4,178.0,93.1,515.0,42.7,0.4,94.7,98.8,26.3,85.1,243.0,93.1,22.0,24.2,57.0,3.0,66.0,4.0,82.0,5.0,71.0,4.0,88.0,5.0,63.1,66.7,1258.0,0.0,2.2,0.0,0.0,0.0,37.8,0.2,0.0,47.6,City of Chicago SD 299, 7 8 9 10 11 12
1253,Bronzeville Scholastic HS,HIGH SCHOOL,216,,97.2,2.3,0.5,,,,19.4,1.9,71.8,7.4,178.0,85.7,100.0,55.6,3.5,94.2,92.1,19.0,63.5,11.0,65.0,14.0,68.1,18.0,1.0,24.0,2.0,33.0,2.0,46.0,3.0,64.0,4.0,67.5,65.2,457.0,40.3,13.6,0.0,0.4,5.0,70.0,2.0,0.0,28.2,City of Chicago SD 299, 9 10 11 12
1254,School of Social Justice HS,HIGH SCHOOL,300,0.7,11.7,87.3,,,0.3,,21.0,24.3,95.3,2.3,178.0,87.2,179.0,66.5,8.1,80.0,81.8,23.5,86.4,61.0,64.7,23.0,58.3,65.0,4.0,72.0,4.0,46.0,3.0,54.0,3.0,53.0,3.0,88.8,75.0,309.0,4.2,8.1,0.0,0.0,0.0,46.3,0.6,0.0,25.9,City of Chicago SD 299, 9 10 11 12
1255,Multicultural Acad of Scholarshp HS,HIGH SCHOOL,220,0.9,15.5,83.6,,,,,37.3,36.8,95.5,4.5,178.0,85.1,195.0,80.2,10.8,61.6,55.4,16.1,87.8,38.0,54.3,27.0,63.6,63.0,4.0,66.0,4.0,63.0,4.0,54.0,3.0,56.0,3.0,78.2,87.5,274.0,0.7,6.2,0.0,2.2,2.2,55.1,0.7,0.0,10.9,City of Chicago SD 299, 9 10 11 12
1256,Infinity Math  Science & Tech HS,HIGH SCHOOL,407,0.2,0.7,98.8,0.2,,,,18.2,15.0,95.8,,178.0,93.7,109.0,29.1,1.4,92.2,88.6,19.8,90.3,87.0,72.4,39.0,21.9,61.0,4.0,72.0,4.0,77.0,4.0,60.0,4.0,64.0,4.0,84.7,74.3,422.0,1.9,0.9,0.0,0.0,0.0,32.2,0.0,0.0,20.9,City of Chicago SD 299, 9 10 11 12
1257,CICS - Ralph Ellison Campus,CHARTER SCH,346,,99.7,0.3,,,,,24.6,,92.5,20.5,178.0,,,,4.0,88.8,94.5,24.9,,0.0,,,,8.0,1.0,23.0,2.0,6.0,1.0,40.0,3.0,59.0,3.0,77.5,72.7,,,,,,,,,,,City of Chicago SD 299, 9 10 11 12
1258,Collins Academy High School,HIGH SCHOOL,218,,97.2,2.3,,0.5,,,25.7,,96.8,15.6,178.0,82.9,210.0,100.0,5.5,55.2,91.5,16.6,72.7,35.0,60.0,7.0,78.8,60.0,4.0,83.0,5.0,40.0,3.0,81.0,5.0,89.0,5.0,84.7,84.0,365.0,88.8,38.4,0.5,2.5,9.3,74.0,6.6,0.0,0.0,City of Chicago SD 299, 9 10 11 12
1259,Austin College and Career Academy High School,HIGH SCHOOL,195,0.5,97.4,1.0,,,0.5,0.5,31.8,0.5,93.8,13.8,178.0,81.4,288.0,100.0,15.9,47.4,58.8,27.0,43.3,50.0,27.5,15.0,94.8,25.0,2.0,35.0,2.0,30.0,2.0,40.0,3.0,59.0,3.0,81.1,99.9,196.0,63.3,38.3,0.0,3.1,3.1,88.3,4.1,0.0,6.1,City of Chicago SD 299, 9 10 11 12
1260,Orr Academy High School,HIGH SCHOOL,223,1.8,83.9,13.9,,,,0.4,25.1,4.5,92.8,21.1,178.0,74.4,407.0,100.0,16.8,38.4,38.0,26.3,74.1,39.0,35.6,22.0,100.0,68.0,4.0,78.0,4.0,66.0,4.0,39.0,2.0,62.0,4.0,71.9,76.2,405.0,79.0,4.0,0.0,0.0,0.5,108.9,1.7,0.0,0.0,City of Chicago SD 299, 9 10 11 12
1261,Air Force Acad High School,HIGH SCHOOL,195,8.2,41.5,46.7,1.5,,,2.1,16.4,6.7,87.2,2.1,178.0,92.9,77.0,42.8,4.9,93.3,88.4,15.6,85.0,43.0,61.4,17.0,24.4,51.0,3.0,68.0,4.0,64.0,4.0,55.0,3.0,81.0,5.0,92.8,91.7,330.0,10.3,10.3,0.0,2.4,6.7,41.2,4.2,0.0,13.0,City of Chicago SD 299, 9 10 11 12
1262,Alcott Humanities High School,HIGH SCHOOL,318,10.4,19.2,67.3,0.9,0.6,0.3,1.3,25.5,7.9,74.5,2.8,178.0,90.9,184.0,64.5,2.5,92.2,87.3,22.6,89.0,82.0,76.8,13.0,36.0,80.0,5.0,82.0,5.0,89.0,5.0,71.0,4.0,65.0,4.0,86.2,65.5,308.0,14.3,8.8,0.0,0.0,1.3,52.6,2.9,0.0,23.7,City of Chicago SD 299, 9 10 11 12
1263,North Lawndale Prep Chtr - Christiana,CHARTER SCH,372,0.3,98.7,1.1,,,,,21.5,,96.8,21.5,178.0,92.5,186.0,57.8,1.1,92.1,98.6,29.5,50.0,60.0,,,26.7,43.0,3.0,47.0,3.0,39.0,2.0,46.0,3.0,78.0,4.0,71.9,83.3,,,,,,,,,,,City of Chicago SD 299, 9 10 11 12
1264,Chicago Technology Academy HS,HIGH SCHOOL,272,2.2,80.1,16.5,0.7,,,0.4,29.0,1.5,89.3,16.9,178.0,90.1,179.0,75.1,1.9,84.8,93.5,18.4,0.0,85.0,59.5,17.0,46.5,37.0,2.0,40.0,3.0,41.0,3.0,52.0,3.0,58.0,3.0,80.7,99.9,331.0,14.5,21.5,0.0,0.0,0.0,61.0,3.3,0.0,13.0,City of Chicago SD 299, 9 10 11 12
1265,Chicago HS for the Arts,HIGH SCHOOL,611,19.8,33.7,35.2,1.8,0.2,0.3,9.0,12.6,0.8,37.0,1.3,178.0,97.4,27.0,4.7,1.3,94.9,92.9,,0.0,0.0,80.5,17.0,3.5,24.0,2.0,38.0,2.0,56.0,3.0,61.0,4.0,70.0,4.0,71.5,77.6,606.0,2.3,7.4,0.0,0.0,0.0,6.4,0.2,0.0,9.4,City of Chicago SD 299, 9 10 11 12
1266,Ogden Int High School,HIGH SCHOOL,594,12.6,43.8,37.2,3.0,,0.3,3.0,19.9,2.5,63.6,1.9,178.0,91.6,264.0,49.4,2.8,91.1,89.0,25.0,85.7,165.0,81.3,21.0,31.6,52.0,3.0,59.0,3.0,70.0,4.0,67.0,4.0,85.0,5.0,83.9,87.7,711.0,5.3,3.2,0.0,0.0,0.6,28.1,1.0,0.0,12.9,City of Chicago SD 299, 9 10 11 12
1267,Williams Medical Prep High Sch,HIGH SCHOOL,177,,97.2,2.3,,,,0.6,19.2,0.6,94.4,10.7,178.0,85.2,137.0,86.7,2.3,91.7,91.9,15.7,80.0,19.0,82.9,14.0,62.6,65.0,4.0,75.0,4.0,51.0,3.0,57.0,3.0,77.0,4.0,81.8,94.1,272.0,16.5,19.9,0.0,1.5,8.5,60.3,4.0,0.0,23.5,City of Chicago SD 299, 9 10 11 12
1268,Westinghouse High School,HIGH SCHOOL,1203,2.0,52.8,39.4,4.7,,,1.1,12.1,2.5,76.6,3.2,178.0,93.0,456.0,43.2,0.9,94.3,98.1,28.3,84.2,272.0,87.2,34.0,21.1,85.0,5.0,88.0,5.0,90.0,5.0,71.0,4.0,91.0,5.0,78.9,70.4,1182.0,0.3,6.3,0.0,0.0,0.2,40.9,1.6,0.0,36.6,City of Chicago SD 299, 9 10 11 12
1269,Solorio Academy High School,HIGH SCHOOL,1195,0.8,4.2,94.3,,,0.6,0.2,12.2,13.5,93.2,1.2,178.0,93.6,431.0,38.6,5.1,80.1,83.1,26.7,88.3,272.0,69.5,74.0,22.4,67.0,4.0,83.0,5.0,67.0,4.0,68.0,4.0,81.0,5.0,89.5,71.4,1113.0,4.0,3.1,0.0,0.2,0.5,25.0,0.5,0.0,27.2,City of Chicago SD 299, 9 10 11 12
1270,Acero Chtr Sch Network -  Major Hector P Garcia MD Campus,CHARTER SCH,618,1.8,1.0,96.6,0.3,,0.3,,19.9,26.1,93.4,1.1,178.0,90.7,240.0,41.7,1.1,92.1,97.4,25.4,95.3,141.0,,,36.0,36.0,2.0,44.0,3.0,49.0,3.0,56.0,3.0,61.0,4.0,53.9,83.0,,,,,,,,,,,City of Chicago SD 299, 9 10 11 12
1271,South Shore Intl Col Prep HS,HIGH SCHOOL,654,0.2,96.5,2.6,,,,0.8,13.6,0.9,82.1,2.6,178.0,90.5,306.0,54.9,2.4,92.9,92.7,24.7,91.6,157.0,81.2,20.0,34.8,33.0,2.0,33.0,2.0,53.0,3.0,43.0,3.0,82.0,5.0,74.4,64.6,590.0,43.2,2.4,0.0,0.7,1.0,51.2,1.0,0.0,16.8,City of Chicago SD 299, 9 10 11 12
1272,Goode STEM Academy HS,HIGH SCHOOL,917,0.8,45.5,52.5,0.2,0.1,0.3,0.7,19.1,9.9,85.8,0.7,178.0,88.8,593.0,73.2,0.6,97.0,98.1,27.4,78.8,194.0,67.0,75.0,46.0,64.0,4.0,79.0,4.0,90.0,5.0,59.0,3.0,75.0,4.0,76.2,91.0,835.0,22.0,15.7,0.0,1.0,1.8,40.6,4.1,0.0,0.0,City of Chicago SD 299, 9 10 11 12
1273,Chicago Excel Academy HS,HIGH SCHOOL,294,,97.3,2.0,,,,0.7,16.0,1.0,85.0,23.5,178.0,79.7,278.0,100.0,37.9,25.6,41.1,26.3,,,23.2,5.0,100.0,55.0,3.0,49.0,3.0,0.0,0.0,67.0,4.0,80.0,5.0,62.5,60.0,231.0,0.0,0.0,0.0,0.0,0.0,58.9,0.0,0.0,0.0,City of Chicago SD 299, 9 10 11 12
1275,Acero Chtr Sch Network Victoria Soto Campus,CHARTER SCH,541,0.2,1.5,98.3,,,,,15.7,32.7,89.6,0.6,178.0,88.4,285.0,57.6,4.0,87.6,85.9,26.4,77.1,106.0,,,46.6,42.0,3.0,59.0,3.0,78.0,4.0,63.0,4.0,66.0,4.0,88.0,92.7,,,,,,,,,,,City of Chicago SD 299, 9 10 11 12
1278,Univ of Chicago Chtr-Woodlawn,CHARTER SCH,620,,97.6,1.1,,,0.2,1.1,21.8,0.2,78.5,2.4,178.0,,,,17.4,93.6,0.0,23.9,,0.0,,,,46.0,3.0,38.0,2.0,58.0,3.0,41.0,3.0,72.0,4.0,78.1,74.1,,,,,,,,,,,City of Chicago SD 299, 6 7 8 9 10 11 12
1368,Chicago Math & Sci Elem Charter,CHARTER SCH,604,5.0,30.8,51.8,9.8,,0.5,2.2,16.1,20.4,91.1,2.3,178.0,95.5,160.0,27.2,6.8,91.9,73.9,18.6,38.5,62.0,80.2,,10.0,45.0,3.0,47.0,3.0,50.0,3.0,56.0,3.0,73.0,4.0,73.4,85.1,610.0,0.3,0.3,0.3,0.0,0.0,14.6,0.0,0.0,11.3,City of Chicago SD 299, 6 7 8 9 10 11 12
1426,Chicago Virtual Charter School,CHARTER SCH,673,11.9,58.2,20.1,6.8,0.3,0.1,2.5,14.6,7.7,64.2,2.2,178.0,86.5,341.0,62.5,8.1,45.5,56.3,31.9,51.6,26.0,55.6,,48.1,38.0,2.0,33.0,2.0,59.0,3.0,60.0,4.0,45.0,3.0,57.6,82.3,684.0,0.0,0.6,0.0,0.0,0.0,23.2,0.1,0.0,1.2,City of Chicago SD 299, K 1 2 3 4 5 6 7 8 9 10 11 12
1473,Catalyst Charter - Maria ES,CHARTER SCH,1095,1.6,44.0,53.6,0.2,0.1,,0.5,19.1,19.7,92.8,5.1,178.0,95.4,211.0,22.2,1.1,92.7,95.6,18.5,9.4,145.0,67.2,,12.3,,,,,,,,,,,,,1100.0,0.4,15.5,1.1,0.0,0.0,8.4,0.3,0.0,9.2,City of Chicago SD 299, K 1 2 3 4 5 6 7 8 9 10 11 12
1534,Horizon Sci Academy - Southwest Charter,CHARTER SCH,734,0.4,29.7,68.4,,,0.1,1.4,18.7,24.7,95.4,0.8,178.0,94.2,277.0,40.9,1.6,88.1,,11.2,2.7,19.0,,,17.6,26.0,2.0,29.0,2.0,35.0,2.0,25.0,2.0,36.0,2.0,53.7,68.0,567.0,0.0,0.4,0.0,0.0,0.0,1.4,0.0,0.0,0.0,City of Chicago SD 299, K 1 2 3 4 5 6 7 8 9 10 11 12
1583,CICS - Longwood Campus,CHARTER SCH,1283,,99.4,0.6,,,,,22.0,0.9,88.1,4.1,178.0,,,,3.0,82.1,99.0,21.0,100.0,0.0,,,,48.0,3.0,47.0,3.0,36.0,2.0,12.0,1.0,44.0,3.0,67.4,74.1,,,,,,,,,,,City of Chicago SD 299, 3 4 5 6 7 8 9 10 11 12
1713,Marine Leadership Academy - Ames,ELEMENTARY,846,0.9,2.0,96.5,0.2,,0.1,0.2,13.9,19.5,97.5,1.9,178.0,94.8,276.0,35.8,1.3,95.1,96.2,24.6,90.1,125.0,55.4,,15.5,82.0,5.0,87.0,5.0,97.0,5.0,76.0,4.0,97.0,5.0,53.3,87.5,796.0,0.8,9.2,0.0,0.3,1.3,22.9,2.1,0.0,3.5,City of Chicago SD 299, 7 8 9 10 11 12
